number,name,src
#001,Bulbasaur,https://img.pokemondb.net/sprites/home/normal/2x/bulbasaur.jpg
#002,Ivysaur,https://img.pokemondb.net/sprites/home/normal/2x/ivysaur.jpg
#003,Venusaur,https://img.pokemondb.net/sprites/home/normal/2x/venusaur.jpg
#004,Charmander,https://img.pokemondb.net/sprites/home/normal/2x/charmander.jpg
#005,Charmeleon,https://img.pokemondb.net/sprites/home/normal/2x/charmeleon.jpg
#006,Charizard,https://img.pokemondb.net/sprites/home/normal/2x/charizard.jpg
#007,Squirtle,https://img.pokemondb.net/sprites/home/normal/2x/squirtle.jpg
#008,Wartortle,https://img.pokemondb.net/sprites/home/normal/2x/wartortle.jpg
#009,Blastoise,https://img.pokemondb.net/sprites/home/normal/2x/blastoise.jpg
#010,Caterpie,https://img.pokemondb.net/sprites/home/normal/2x/caterpie.jpg
#011,Metapod,https://img.pokemondb.net/sprites/home/normal/2x/metapod.jpg
#012,Butterfree,https://img.pokemondb.net/sprites/home/normal/2x/butterfree.jpg
#013,Weedle,https://img.pokemondb.net/sprites/home/normal/2x/weedle.jpg
#014,Kakuna,https://img.pokemondb.net/sprites/home/normal/2x/kakuna.jpg
#015,Beedrill,https://img.pokemondb.net/sprites/home/normal/2x/beedrill.jpg
#016,Pidgey,https://img.pokemondb.net/sprites/home/normal/2x/pidgey.jpg
#017,Pidgeotto,https://img.pokemondb.net/sprites/home/normal/2x/pidgeotto.jpg
#018,Pidgeot,https://img.pokemondb.net/sprites/home/normal/2x/pidgeot.jpg
#019,Rattata,https://img.pokemondb.net/sprites/home/normal/2x/rattata.jpg
#020,Raticate,https://img.pokemondb.net/sprites/home/normal/2x/raticate.jpg
#021,Spearow,https://img.pokemondb.net/sprites/home/normal/2x/spearow.jpg
#022,Fearow,https://img.pokemondb.net/sprites/home/normal/2x/fearow.jpg
#023,Ekans,https://img.pokemondb.net/sprites/home/normal/2x/ekans.jpg
#024,Arbok,https://img.pokemondb.net/sprites/home/normal/2x/arbok.jpg
#025,Pikachu,https://img.pokemondb.net/sprites/home/normal/2x/pikachu.jpg
#026,Raichu,https://img.pokemondb.net/sprites/home/normal/2x/raichu.jpg
#027,Sandshrew,https://img.pokemondb.net/sprites/home/normal/2x/sandshrew.jpg
#028,Sandslash,https://img.pokemondb.net/sprites/home/normal/2x/sandslash.jpg
#029,Nidoran♀,https://img.pokemondb.net/sprites/home/normal/2x/nidoran-f.jpg
#030,Nidorina,https://img.pokemondb.net/sprites/home/normal/2x/nidorina.jpg
#031,Nidoqueen,https://img.pokemondb.net/sprites/home/normal/2x/nidoqueen.jpg
#032,Nidoran♂,https://img.pokemondb.net/sprites/home/normal/2x/nidoran-m.jpg
#033,Nidorino,https://img.pokemondb.net/sprites/home/normal/2x/nidorino.jpg
#034,Nidoking,https://img.pokemondb.net/sprites/home/normal/2x/nidoking.jpg
#035,Clefairy,https://img.pokemondb.net/sprites/home/normal/2x/clefairy.jpg
#036,Clefable,https://img.pokemondb.net/sprites/home/normal/2x/clefable.jpg
#037,Vulpix,https://img.pokemondb.net/sprites/home/normal/2x/vulpix.jpg
#038,Ninetales,https://img.pokemondb.net/sprites/home/normal/2x/ninetales.jpg
#039,Jigglypuff,https://img.pokemondb.net/sprites/home/normal/2x/jigglypuff.jpg
#040,Wigglytuff,https://img.pokemondb.net/sprites/home/normal/2x/wigglytuff.jpg
#041,Zubat,https://img.pokemondb.net/sprites/home/normal/2x/zubat.jpg
#042,Golbat,https://img.pokemondb.net/sprites/home/normal/2x/golbat.jpg
#043,Oddish,https://img.pokemondb.net/sprites/home/normal/2x/oddish.jpg
#044,Gloom,https://img.pokemondb.net/sprites/home/normal/2x/gloom.jpg
#045,Vileplume,https://img.pokemondb.net/sprites/home/normal/2x/vileplume.jpg
#046,Paras,https://img.pokemondb.net/sprites/home/normal/2x/paras.jpg
#047,Parasect,https://img.pokemondb.net/sprites/home/normal/2x/parasect.jpg
#048,Venonat,https://img.pokemondb.net/sprites/home/normal/2x/venonat.jpg
#049,Venomoth,https://img.pokemondb.net/sprites/home/normal/2x/venomoth.jpg
#050,Diglett,https://img.pokemondb.net/sprites/home/normal/2x/diglett.jpg
#051,Dugtrio,https://img.pokemondb.net/sprites/home/normal/2x/dugtrio.jpg
#052,Meowth,https://img.pokemondb.net/sprites/home/normal/2x/meowth.jpg
#053,Persian,https://img.pokemondb.net/sprites/home/normal/2x/persian.jpg
#054,Psyduck,https://img.pokemondb.net/sprites/home/normal/2x/psyduck.jpg
#055,Golduck,https://img.pokemondb.net/sprites/home/normal/2x/golduck.jpg
#056,Mankey,https://img.pokemondb.net/sprites/home/normal/2x/mankey.jpg
#057,Primeape,https://img.pokemondb.net/sprites/home/normal/2x/primeape.jpg
#058,Growlithe,https://img.pokemondb.net/sprites/home/normal/2x/growlithe.jpg
#059,Arcanine,https://img.pokemondb.net/sprites/home/normal/2x/arcanine.jpg
#060,Poliwag,https://img.pokemondb.net/sprites/home/normal/2x/poliwag.jpg
#061,Poliwhirl,https://img.pokemondb.net/sprites/home/normal/2x/poliwhirl.jpg
#062,Poliwrath,https://img.pokemondb.net/sprites/home/normal/2x/poliwrath.jpg
#063,Abra,https://img.pokemondb.net/sprites/home/normal/2x/abra.jpg
#064,Kadabra,https://img.pokemondb.net/sprites/home/normal/2x/kadabra.jpg
#065,Alakazam,https://img.pokemondb.net/sprites/home/normal/2x/alakazam.jpg
#066,Machop,https://img.pokemondb.net/sprites/home/normal/2x/machop.jpg
#067,Machoke,https://img.pokemondb.net/sprites/home/normal/2x/machoke.jpg
#068,Machamp,https://img.pokemondb.net/sprites/home/normal/2x/machamp.jpg
#069,Bellsprout,https://img.pokemondb.net/sprites/home/normal/2x/bellsprout.jpg
#070,Weepinbell,https://img.pokemondb.net/sprites/home/normal/2x/weepinbell.jpg
#071,Victreebel,https://img.pokemondb.net/sprites/home/normal/2x/victreebel.jpg
#072,Tentacool,https://img.pokemondb.net/sprites/home/normal/2x/tentacool.jpg
#073,Tentacruel,https://img.pokemondb.net/sprites/home/normal/2x/tentacruel.jpg
#074,Geodude,https://img.pokemondb.net/sprites/home/normal/2x/geodude.jpg
#075,Graveler,https://img.pokemondb.net/sprites/home/normal/2x/graveler.jpg
#076,Golem,https://img.pokemondb.net/sprites/home/normal/2x/golem.jpg
#077,Ponyta,https://img.pokemondb.net/sprites/home/normal/2x/ponyta.jpg
#078,Rapidash,https://img.pokemondb.net/sprites/home/normal/2x/rapidash.jpg
#079,Slowpoke,https://img.pokemondb.net/sprites/home/normal/2x/slowpoke.jpg
#080,Slowbro,https://img.pokemondb.net/sprites/home/normal/2x/slowbro.jpg
#081,Magnemite,https://img.pokemondb.net/sprites/home/normal/2x/magnemite.jpg
#082,Magneton,https://img.pokemondb.net/sprites/home/normal/2x/magneton.jpg
#083,Farfetch'd,https://img.pokemondb.net/sprites/home/normal/2x/farfetchd.jpg
#084,Doduo,https://img.pokemondb.net/sprites/home/normal/2x/doduo.jpg
#085,Dodrio,https://img.pokemondb.net/sprites/home/normal/2x/dodrio.jpg
#086,Seel,https://img.pokemondb.net/sprites/home/normal/2x/seel.jpg
#087,Dewgong,https://img.pokemondb.net/sprites/home/normal/2x/dewgong.jpg
#088,Grimer,https://img.pokemondb.net/sprites/home/normal/2x/grimer.jpg
#089,Muk,https://img.pokemondb.net/sprites/home/normal/2x/muk.jpg
#090,Shellder,https://img.pokemondb.net/sprites/home/normal/2x/shellder.jpg
#091,Cloyster,https://img.pokemondb.net/sprites/home/normal/2x/cloyster.jpg
#092,Gastly,https://img.pokemondb.net/sprites/home/normal/2x/gastly.jpg
#093,Haunter,https://img.pokemondb.net/sprites/home/normal/2x/haunter.jpg
#094,Gengar,https://img.pokemondb.net/sprites/home/normal/2x/gengar.jpg
#095,Onix,https://img.pokemondb.net/sprites/home/normal/2x/onix.jpg
#096,Drowzee,https://img.pokemondb.net/sprites/home/normal/2x/drowzee.jpg
#097,Hypno,https://img.pokemondb.net/sprites/home/normal/2x/hypno.jpg
#098,Krabby,https://img.pokemondb.net/sprites/home/normal/2x/krabby.jpg
#099,Kingler,https://img.pokemondb.net/sprites/home/normal/2x/kingler.jpg
#100,Voltorb,https://img.pokemondb.net/sprites/home/normal/2x/voltorb.jpg
#101,Electrode,https://img.pokemondb.net/sprites/home/normal/2x/electrode.jpg
#102,Exeggcute,https://img.pokemondb.net/sprites/home/normal/2x/exeggcute.jpg
#103,Exeggutor,https://img.pokemondb.net/sprites/home/normal/2x/exeggutor.jpg
#104,Cubone,https://img.pokemondb.net/sprites/home/normal/2x/cubone.jpg
#105,Marowak,https://img.pokemondb.net/sprites/home/normal/2x/marowak.jpg
#106,Hitmonlee,https://img.pokemondb.net/sprites/home/normal/2x/hitmonlee.jpg
#107,Hitmonchan,https://img.pokemondb.net/sprites/home/normal/2x/hitmonchan.jpg
#108,Lickitung,https://img.pokemondb.net/sprites/home/normal/2x/lickitung.jpg
#109,Koffing,https://img.pokemondb.net/sprites/home/normal/2x/koffing.jpg
#110,Weezing,https://img.pokemondb.net/sprites/home/normal/2x/weezing.jpg
#111,Rhyhorn,https://img.pokemondb.net/sprites/home/normal/2x/rhyhorn.jpg
#112,Rhydon,https://img.pokemondb.net/sprites/home/normal/2x/rhydon.jpg
#113,Chansey,https://img.pokemondb.net/sprites/home/normal/2x/chansey.jpg
#114,Tangela,https://img.pokemondb.net/sprites/home/normal/2x/tangela.jpg
#115,Kangaskhan,https://img.pokemondb.net/sprites/home/normal/2x/kangaskhan.jpg
#116,Horsea,https://img.pokemondb.net/sprites/home/normal/2x/horsea.jpg
#117,Seadra,https://img.pokemondb.net/sprites/home/normal/2x/seadra.jpg
#118,Goldeen,https://img.pokemondb.net/sprites/home/normal/2x/goldeen.jpg
#119,Seaking,https://img.pokemondb.net/sprites/home/normal/2x/seaking.jpg
#120,Staryu,https://img.pokemondb.net/sprites/home/normal/2x/staryu.jpg
#121,Starmie,https://img.pokemondb.net/sprites/home/normal/2x/starmie.jpg
#122,Mr. Mime,https://img.pokemondb.net/sprites/home/normal/2x/mr-mime.jpg
#123,Scyther,https://img.pokemondb.net/sprites/home/normal/2x/scyther.jpg
#124,Jynx,https://img.pokemondb.net/sprites/home/normal/2x/jynx.jpg
#125,Electabuzz,https://img.pokemondb.net/sprites/home/normal/2x/electabuzz.jpg
#126,Magmar,https://img.pokemondb.net/sprites/home/normal/2x/magmar.jpg
#127,Pinsir,https://img.pokemondb.net/sprites/home/normal/2x/pinsir.jpg
#128,Tauros,https://img.pokemondb.net/sprites/home/normal/2x/tauros.jpg
#129,Magikarp,https://img.pokemondb.net/sprites/home/normal/2x/magikarp.jpg
#130,Gyarados,https://img.pokemondb.net/sprites/home/normal/2x/gyarados.jpg
#131,Lapras,https://img.pokemondb.net/sprites/home/normal/2x/lapras.jpg
#132,Ditto,https://img.pokemondb.net/sprites/home/normal/2x/ditto.jpg
#133,Eevee,https://img.pokemondb.net/sprites/home/normal/2x/eevee.jpg
#134,Vaporeon,https://img.pokemondb.net/sprites/home/normal/2x/vaporeon.jpg
#135,Jolteon,https://img.pokemondb.net/sprites/home/normal/2x/jolteon.jpg
#136,Flareon,https://img.pokemondb.net/sprites/home/normal/2x/flareon.jpg
#137,Porygon,https://img.pokemondb.net/sprites/home/normal/2x/porygon.jpg
#138,Omanyte,https://img.pokemondb.net/sprites/home/normal/2x/omanyte.jpg
#139,Omastar,https://img.pokemondb.net/sprites/home/normal/2x/omastar.jpg
#140,Kabuto,https://img.pokemondb.net/sprites/home/normal/2x/kabuto.jpg
#141,Kabutops,https://img.pokemondb.net/sprites/home/normal/2x/kabutops.jpg
#142,Aerodactyl,https://img.pokemondb.net/sprites/home/normal/2x/aerodactyl.jpg
#143,Snorlax,https://img.pokemondb.net/sprites/home/normal/2x/snorlax.jpg
#144,Articuno,https://img.pokemondb.net/sprites/home/normal/2x/articuno.jpg
#145,Zapdos,https://img.pokemondb.net/sprites/home/normal/2x/zapdos.jpg
#146,Moltres,https://img.pokemondb.net/sprites/home/normal/2x/moltres.jpg
#147,Dratini,https://img.pokemondb.net/sprites/home/normal/2x/dratini.jpg
#148,Dragonair,https://img.pokemondb.net/sprites/home/normal/2x/dragonair.jpg
#149,Dragonite,https://img.pokemondb.net/sprites/home/normal/2x/dragonite.jpg
#150,Mewtwo,https://img.pokemondb.net/sprites/home/normal/2x/mewtwo.jpg
#151,Mew,https://img.pokemondb.net/sprites/home/normal/2x/mew.jpg
#152,Chikorita,https://img.pokemondb.net/sprites/home/normal/2x/chikorita.jpg
#153,Bayleef,https://img.pokemondb.net/sprites/home/normal/2x/bayleef.jpg
#154,Meganium,https://img.pokemondb.net/sprites/home/normal/2x/meganium.jpg
#155,Cyndaquil,https://img.pokemondb.net/sprites/home/normal/2x/cyndaquil.jpg
#156,Quilava,https://img.pokemondb.net/sprites/home/normal/2x/quilava.jpg
#157,Typhlosion,https://img.pokemondb.net/sprites/home/normal/2x/typhlosion.jpg
#158,Totodile,https://img.pokemondb.net/sprites/home/normal/2x/totodile.jpg
#159,Croconaw,https://img.pokemondb.net/sprites/home/normal/2x/croconaw.jpg
#160,Feraligatr,https://img.pokemondb.net/sprites/home/normal/2x/feraligatr.jpg
#161,Sentret,https://img.pokemondb.net/sprites/home/normal/2x/sentret.jpg
#162,Furret,https://img.pokemondb.net/sprites/home/normal/2x/furret.jpg
#163,Hoothoot,https://img.pokemondb.net/sprites/home/normal/2x/hoothoot.jpg
#164,Noctowl,https://img.pokemondb.net/sprites/home/normal/2x/noctowl.jpg
#165,Ledyba,https://img.pokemondb.net/sprites/home/normal/2x/ledyba.jpg
#166,Ledian,https://img.pokemondb.net/sprites/home/normal/2x/ledian.jpg
#167,Spinarak,https://img.pokemondb.net/sprites/home/normal/2x/spinarak.jpg
#168,Ariados,https://img.pokemondb.net/sprites/home/normal/2x/ariados.jpg
#169,Crobat,https://img.pokemondb.net/sprites/home/normal/2x/crobat.jpg
#170,Chinchou,https://img.pokemondb.net/sprites/home/normal/2x/chinchou.jpg
#171,Lanturn,https://img.pokemondb.net/sprites/home/normal/2x/lanturn.jpg
#172,Pichu,https://img.pokemondb.net/sprites/home/normal/2x/pichu.jpg
#173,Cleffa,https://img.pokemondb.net/sprites/home/normal/2x/cleffa.jpg
#174,Igglybuff,https://img.pokemondb.net/sprites/home/normal/2x/igglybuff.jpg
#175,Togepi,https://img.pokemondb.net/sprites/home/normal/2x/togepi.jpg
#176,Togetic,https://img.pokemondb.net/sprites/home/normal/2x/togetic.jpg
#177,Natu,https://img.pokemondb.net/sprites/home/normal/2x/natu.jpg
#178,Xatu,https://img.pokemondb.net/sprites/home/normal/2x/xatu.jpg
#179,Mareep,https://img.pokemondb.net/sprites/home/normal/2x/mareep.jpg
#180,Flaaffy,https://img.pokemondb.net/sprites/home/normal/2x/flaaffy.jpg
#181,Ampharos,https://img.pokemondb.net/sprites/home/normal/2x/ampharos.jpg
#182,Bellossom,https://img.pokemondb.net/sprites/home/normal/2x/bellossom.jpg
#183,Marill,https://img.pokemondb.net/sprites/home/normal/2x/marill.jpg
#184,Azumarill,https://img.pokemondb.net/sprites/home/normal/2x/azumarill.jpg
#185,Sudowoodo,https://img.pokemondb.net/sprites/home/normal/2x/sudowoodo.jpg
#186,Politoed,https://img.pokemondb.net/sprites/home/normal/2x/politoed.jpg
#187,Hoppip,https://img.pokemondb.net/sprites/home/normal/2x/hoppip.jpg
#188,Skiploom,https://img.pokemondb.net/sprites/home/normal/2x/skiploom.jpg
#189,Jumpluff,https://img.pokemondb.net/sprites/home/normal/2x/jumpluff.jpg
#190,Aipom,https://img.pokemondb.net/sprites/home/normal/2x/aipom.jpg
#191,Sunkern,https://img.pokemondb.net/sprites/home/normal/2x/sunkern.jpg
#192,Sunflora,https://img.pokemondb.net/sprites/home/normal/2x/sunflora.jpg
#193,Yanma,https://img.pokemondb.net/sprites/home/normal/2x/yanma.jpg
#194,Wooper,https://img.pokemondb.net/sprites/home/normal/2x/wooper.jpg
#195,Quagsire,https://img.pokemondb.net/sprites/home/normal/2x/quagsire.jpg
#196,Espeon,https://img.pokemondb.net/sprites/home/normal/2x/espeon.jpg
#197,Umbreon,https://img.pokemondb.net/sprites/home/normal/2x/umbreon.jpg
#198,Murkrow,https://img.pokemondb.net/sprites/home/normal/2x/murkrow.jpg
#199,Slowking,https://img.pokemondb.net/sprites/home/normal/2x/slowking.jpg
#200,Misdreavus,https://img.pokemondb.net/sprites/home/normal/2x/misdreavus.jpg
#201,Unown,https://img.pokemondb.net/sprites/home/normal/2x/unown.jpg
#202,Wobbuffet,https://img.pokemondb.net/sprites/home/normal/2x/wobbuffet.jpg
#203,Girafarig,https://img.pokemondb.net/sprites/home/normal/2x/girafarig.jpg
#204,Pineco,https://img.pokemondb.net/sprites/home/normal/2x/pineco.jpg
#205,Forretress,https://img.pokemondb.net/sprites/home/normal/2x/forretress.jpg
#206,Dunsparce,https://img.pokemondb.net/sprites/home/normal/2x/dunsparce.jpg
#207,Gligar,https://img.pokemondb.net/sprites/home/normal/2x/gligar.jpg
#208,Steelix,https://img.pokemondb.net/sprites/home/normal/2x/steelix.jpg
#209,Snubbull,https://img.pokemondb.net/sprites/home/normal/2x/snubbull.jpg
#210,Granbull,https://img.pokemondb.net/sprites/home/normal/2x/granbull.jpg
#211,Qwilfish,https://img.pokemondb.net/sprites/home/normal/2x/qwilfish.jpg
#212,Scizor,https://img.pokemondb.net/sprites/home/normal/2x/scizor.jpg
#213,Shuckle,https://img.pokemondb.net/sprites/home/normal/2x/shuckle.jpg
#214,Heracross,https://img.pokemondb.net/sprites/home/normal/2x/heracross.jpg
#215,Sneasel,https://img.pokemondb.net/sprites/home/normal/2x/sneasel.jpg
#216,Teddiursa,https://img.pokemondb.net/sprites/home/normal/2x/teddiursa.jpg
#217,Ursaring,https://img.pokemondb.net/sprites/home/normal/2x/ursaring.jpg
#218,Slugma,https://img.pokemondb.net/sprites/home/normal/2x/slugma.jpg
#219,Magcargo,https://img.pokemondb.net/sprites/home/normal/2x/magcargo.jpg
#220,Swinub,https://img.pokemondb.net/sprites/home/normal/2x/swinub.jpg
#221,Piloswine,https://img.pokemondb.net/sprites/home/normal/2x/piloswine.jpg
#222,Corsola,https://img.pokemondb.net/sprites/home/normal/2x/corsola.jpg
#223,Remoraid,https://img.pokemondb.net/sprites/home/normal/2x/remoraid.jpg
#224,Octillery,https://img.pokemondb.net/sprites/home/normal/2x/octillery.jpg
#225,Delibird,https://img.pokemondb.net/sprites/home/normal/2x/delibird.jpg
#226,Mantine,https://img.pokemondb.net/sprites/home/normal/2x/mantine.jpg
#227,Skarmory,https://img.pokemondb.net/sprites/home/normal/2x/skarmory.jpg
#228,Houndour,https://img.pokemondb.net/sprites/home/normal/2x/houndour.jpg
#229,Houndoom,https://img.pokemondb.net/sprites/home/normal/2x/houndoom.jpg
#230,Kingdra,https://img.pokemondb.net/sprites/home/normal/2x/kingdra.jpg
#231,Phanpy,https://img.pokemondb.net/sprites/home/normal/2x/phanpy.jpg
#232,Donphan,https://img.pokemondb.net/sprites/home/normal/2x/donphan.jpg
#233,Porygon2,https://img.pokemondb.net/sprites/home/normal/2x/porygon2.jpg
#234,Stantler,https://img.pokemondb.net/sprites/home/normal/2x/stantler.jpg
#235,Smeargle,https://img.pokemondb.net/sprites/home/normal/2x/smeargle.jpg
#236,Tyrogue,https://img.pokemondb.net/sprites/home/normal/2x/tyrogue.jpg
#237,Hitmontop,https://img.pokemondb.net/sprites/home/normal/2x/hitmontop.jpg
#238,Smoochum,https://img.pokemondb.net/sprites/home/normal/2x/smoochum.jpg
#239,Elekid,https://img.pokemondb.net/sprites/home/normal/2x/elekid.jpg
#240,Magby,https://img.pokemondb.net/sprites/home/normal/2x/magby.jpg
#241,Miltank,https://img.pokemondb.net/sprites/home/normal/2x/miltank.jpg
#242,Blissey,https://img.pokemondb.net/sprites/home/normal/2x/blissey.jpg
#243,Raikou,https://img.pokemondb.net/sprites/home/normal/2x/raikou.jpg
#244,Entei,https://img.pokemondb.net/sprites/home/normal/2x/entei.jpg
#245,Suicune,https://img.pokemondb.net/sprites/home/normal/2x/suicune.jpg
#246,Larvitar,https://img.pokemondb.net/sprites/home/normal/2x/larvitar.jpg
#247,Pupitar,https://img.pokemondb.net/sprites/home/normal/2x/pupitar.jpg
#248,Tyranitar,https://img.pokemondb.net/sprites/home/normal/2x/tyranitar.jpg
#249,Lugia,https://img.pokemondb.net/sprites/home/normal/2x/lugia.jpg
#250,Ho-oh,https://img.pokemondb.net/sprites/home/normal/2x/ho-oh.jpg
#251,Celebi,https://img.pokemondb.net/sprites/home/normal/2x/celebi.jpg
#252,Treecko,https://img.pokemondb.net/sprites/home/normal/2x/treecko.jpg
#253,Grovyle,https://img.pokemondb.net/sprites/home/normal/2x/grovyle.jpg
#254,Sceptile,https://img.pokemondb.net/sprites/home/normal/2x/sceptile.jpg
#255,Torchic,https://img.pokemondb.net/sprites/home/normal/2x/torchic.jpg
#256,Combusken,https://img.pokemondb.net/sprites/home/normal/2x/combusken.jpg
#257,Blaziken,https://img.pokemondb.net/sprites/home/normal/2x/blaziken.jpg
#258,Mudkip,https://img.pokemondb.net/sprites/home/normal/2x/mudkip.jpg
#259,Marshtomp,https://img.pokemondb.net/sprites/home/normal/2x/marshtomp.jpg
#260,Swampert,https://img.pokemondb.net/sprites/home/normal/2x/swampert.jpg
#261,Poochyena,https://img.pokemondb.net/sprites/home/normal/2x/poochyena.jpg
#262,Mightyena,https://img.pokemondb.net/sprites/home/normal/2x/mightyena.jpg
#263,Zigzagoon,https://img.pokemondb.net/sprites/home/normal/2x/zigzagoon.jpg
#264,Linoone,https://img.pokemondb.net/sprites/home/normal/2x/linoone.jpg
#265,Wurmple,https://img.pokemondb.net/sprites/home/normal/2x/wurmple.jpg
#266,Silcoon,https://img.pokemondb.net/sprites/home/normal/2x/silcoon.jpg
#267,Beautifly,https://img.pokemondb.net/sprites/home/normal/2x/beautifly.jpg
#268,Cascoon,https://img.pokemondb.net/sprites/home/normal/2x/cascoon.jpg
#269,Dustox,https://img.pokemondb.net/sprites/home/normal/2x/dustox.jpg
#270,Lotad,https://img.pokemondb.net/sprites/home/normal/2x/lotad.jpg
#271,Lombre,https://img.pokemondb.net/sprites/home/normal/2x/lombre.jpg
#272,Ludicolo,https://img.pokemondb.net/sprites/home/normal/2x/ludicolo.jpg
#273,Seedot,https://img.pokemondb.net/sprites/home/normal/2x/seedot.jpg
#274,Nuzleaf,https://img.pokemondb.net/sprites/home/normal/2x/nuzleaf.jpg
#275,Shiftry,https://img.pokemondb.net/sprites/home/normal/2x/shiftry.jpg
#276,Taillow,https://img.pokemondb.net/sprites/home/normal/2x/taillow.jpg
#277,Swellow,https://img.pokemondb.net/sprites/home/normal/2x/swellow.jpg
#278,Wingull,https://img.pokemondb.net/sprites/home/normal/2x/wingull.jpg
#279,Pelipper,https://img.pokemondb.net/sprites/home/normal/2x/pelipper.jpg
#280,Ralts,https://img.pokemondb.net/sprites/home/normal/2x/ralts.jpg
#281,Kirlia,https://img.pokemondb.net/sprites/home/normal/2x/kirlia.jpg
#282,Gardevoir,https://img.pokemondb.net/sprites/home/normal/2x/gardevoir.jpg
#283,Surskit,https://img.pokemondb.net/sprites/home/normal/2x/surskit.jpg
#284,Masquerain,https://img.pokemondb.net/sprites/home/normal/2x/masquerain.jpg
#285,Shroomish,https://img.pokemondb.net/sprites/home/normal/2x/shroomish.jpg
#286,Breloom,https://img.pokemondb.net/sprites/home/normal/2x/breloom.jpg
#287,Slakoth,https://img.pokemondb.net/sprites/home/normal/2x/slakoth.jpg
#288,Vigoroth,https://img.pokemondb.net/sprites/home/normal/2x/vigoroth.jpg
#289,Slaking,https://img.pokemondb.net/sprites/home/normal/2x/slaking.jpg
#290,Nincada,https://img.pokemondb.net/sprites/home/normal/2x/nincada.jpg
#291,Ninjask,https://img.pokemondb.net/sprites/home/normal/2x/ninjask.jpg
#292,Shedinja,https://img.pokemondb.net/sprites/home/normal/2x/shedinja.jpg
#293,Whismur,https://img.pokemondb.net/sprites/home/normal/2x/whismur.jpg
#294,Loudred,https://img.pokemondb.net/sprites/home/normal/2x/loudred.jpg
#295,Exploud,https://img.pokemondb.net/sprites/home/normal/2x/exploud.jpg
#296,Makuhita,https://img.pokemondb.net/sprites/home/normal/2x/makuhita.jpg
#297,Hariyama,https://img.pokemondb.net/sprites/home/normal/2x/hariyama.jpg
#298,Azurill,https://img.pokemondb.net/sprites/home/normal/2x/azurill.jpg
#299,Nosepass,https://img.pokemondb.net/sprites/home/normal/2x/nosepass.jpg
#300,Skitty,https://img.pokemondb.net/sprites/home/normal/2x/skitty.jpg
#301,Delcatty,https://img.pokemondb.net/sprites/home/normal/2x/delcatty.jpg
#302,Sableye,https://img.pokemondb.net/sprites/home/normal/2x/sableye.jpg
#303,Mawile,https://img.pokemondb.net/sprites/home/normal/2x/mawile.jpg
#304,Aron,https://img.pokemondb.net/sprites/home/normal/2x/aron.jpg
#305,Lairon,https://img.pokemondb.net/sprites/home/normal/2x/lairon.jpg
#306,Aggron,https://img.pokemondb.net/sprites/home/normal/2x/aggron.jpg
#307,Meditite,https://img.pokemondb.net/sprites/home/normal/2x/meditite.jpg
#308,Medicham,https://img.pokemondb.net/sprites/home/normal/2x/medicham.jpg
#309,Electrike,https://img.pokemondb.net/sprites/home/normal/2x/electrike.jpg
#310,Manectric,https://img.pokemondb.net/sprites/home/normal/2x/manectric.jpg
#311,Plusle,https://img.pokemondb.net/sprites/home/normal/2x/plusle.jpg
#312,Minun,https://img.pokemondb.net/sprites/home/normal/2x/minun.jpg
#313,Volbeat,https://img.pokemondb.net/sprites/home/normal/2x/volbeat.jpg
#314,Illumise,https://img.pokemondb.net/sprites/home/normal/2x/illumise.jpg
#315,Roselia,https://img.pokemondb.net/sprites/home/normal/2x/roselia.jpg
#316,Gulpin,https://img.pokemondb.net/sprites/home/normal/2x/gulpin.jpg
#317,Swalot,https://img.pokemondb.net/sprites/home/normal/2x/swalot.jpg
#318,Carvanha,https://img.pokemondb.net/sprites/home/normal/2x/carvanha.jpg
#319,Sharpedo,https://img.pokemondb.net/sprites/home/normal/2x/sharpedo.jpg
#320,Wailmer,https://img.pokemondb.net/sprites/home/normal/2x/wailmer.jpg
#321,Wailord,https://img.pokemondb.net/sprites/home/normal/2x/wailord.jpg
#322,Numel,https://img.pokemondb.net/sprites/home/normal/2x/numel.jpg
#323,Camerupt,https://img.pokemondb.net/sprites/home/normal/2x/camerupt.jpg
#324,Torkoal,https://img.pokemondb.net/sprites/home/normal/2x/torkoal.jpg
#325,Spoink,https://img.pokemondb.net/sprites/home/normal/2x/spoink.jpg
#326,Grumpig,https://img.pokemondb.net/sprites/home/normal/2x/grumpig.jpg
#327,Spinda,https://img.pokemondb.net/sprites/home/normal/2x/spinda.jpg
#328,Trapinch,https://img.pokemondb.net/sprites/home/normal/2x/trapinch.jpg
#329,Vibrava,https://img.pokemondb.net/sprites/home/normal/2x/vibrava.jpg
#330,Flygon,https://img.pokemondb.net/sprites/home/normal/2x/flygon.jpg
#331,Cacnea,https://img.pokemondb.net/sprites/home/normal/2x/cacnea.jpg
#332,Cacturne,https://img.pokemondb.net/sprites/home/normal/2x/cacturne.jpg
#333,Swablu,https://img.pokemondb.net/sprites/home/normal/2x/swablu.jpg
#334,Altaria,https://img.pokemondb.net/sprites/home/normal/2x/altaria.jpg
#335,Zangoose,https://img.pokemondb.net/sprites/home/normal/2x/zangoose.jpg
#336,Seviper,https://img.pokemondb.net/sprites/home/normal/2x/seviper.jpg
#337,Lunatone,https://img.pokemondb.net/sprites/home/normal/2x/lunatone.jpg
#338,Solrock,https://img.pokemondb.net/sprites/home/normal/2x/solrock.jpg
#339,Barboach,https://img.pokemondb.net/sprites/home/normal/2x/barboach.jpg
#340,Whiscash,https://img.pokemondb.net/sprites/home/normal/2x/whiscash.jpg
#341,Corphish,https://img.pokemondb.net/sprites/home/normal/2x/corphish.jpg
#342,Crawdaunt,https://img.pokemondb.net/sprites/home/normal/2x/crawdaunt.jpg
#343,Baltoy,https://img.pokemondb.net/sprites/home/normal/2x/baltoy.jpg
#344,Claydol,https://img.pokemondb.net/sprites/home/normal/2x/claydol.jpg
#345,Lileep,https://img.pokemondb.net/sprites/home/normal/2x/lileep.jpg
#346,Cradily,https://img.pokemondb.net/sprites/home/normal/2x/cradily.jpg
#347,Anorith,https://img.pokemondb.net/sprites/home/normal/2x/anorith.jpg
#348,Armaldo,https://img.pokemondb.net/sprites/home/normal/2x/armaldo.jpg
#349,Feebas,https://img.pokemondb.net/sprites/home/normal/2x/feebas.jpg
#350,Milotic,https://img.pokemondb.net/sprites/home/normal/2x/milotic.jpg
#351,Castform,https://img.pokemondb.net/sprites/home/normal/2x/castform.jpg
#352,Kecleon,https://img.pokemondb.net/sprites/home/normal/2x/kecleon.jpg
#353,Shuppet,https://img.pokemondb.net/sprites/home/normal/2x/shuppet.jpg
#354,Banette,https://img.pokemondb.net/sprites/home/normal/2x/banette.jpg
#355,Duskull,https://img.pokemondb.net/sprites/home/normal/2x/duskull.jpg
#356,Dusclops,https://img.pokemondb.net/sprites/home/normal/2x/dusclops.jpg
#357,Tropius,https://img.pokemondb.net/sprites/home/normal/2x/tropius.jpg
#358,Chimecho,https://img.pokemondb.net/sprites/home/normal/2x/chimecho.jpg
#359,Absol,https://img.pokemondb.net/sprites/home/normal/2x/absol.jpg
#360,Wynaut,https://img.pokemondb.net/sprites/home/normal/2x/wynaut.jpg
#361,Snorunt,https://img.pokemondb.net/sprites/home/normal/2x/snorunt.jpg
#362,Glalie,https://img.pokemondb.net/sprites/home/normal/2x/glalie.jpg
#363,Spheal,https://img.pokemondb.net/sprites/home/normal/2x/spheal.jpg
#364,Sealeo,https://img.pokemondb.net/sprites/home/normal/2x/sealeo.jpg
#365,Walrein,https://img.pokemondb.net/sprites/home/normal/2x/walrein.jpg
#366,Clamperl,https://img.pokemondb.net/sprites/home/normal/2x/clamperl.jpg
#367,Huntail,https://img.pokemondb.net/sprites/home/normal/2x/huntail.jpg
#368,Gorebyss,https://img.pokemondb.net/sprites/home/normal/2x/gorebyss.jpg
#369,Relicanth,https://img.pokemondb.net/sprites/home/normal/2x/relicanth.jpg
#370,Luvdisc,https://img.pokemondb.net/sprites/home/normal/2x/luvdisc.jpg
#371,Bagon,https://img.pokemondb.net/sprites/home/normal/2x/bagon.jpg
#372,Shelgon,https://img.pokemondb.net/sprites/home/normal/2x/shelgon.jpg
#373,Salamence,https://img.pokemondb.net/sprites/home/normal/2x/salamence.jpg
#374,Beldum,https://img.pokemondb.net/sprites/home/normal/2x/beldum.jpg
#375,Metang,https://img.pokemondb.net/sprites/home/normal/2x/metang.jpg
#376,Metagross,https://img.pokemondb.net/sprites/home/normal/2x/metagross.jpg
#377,Regirock,https://img.pokemondb.net/sprites/home/normal/2x/regirock.jpg
#378,Regice,https://img.pokemondb.net/sprites/home/normal/2x/regice.jpg
#379,Registeel,https://img.pokemondb.net/sprites/home/normal/2x/registeel.jpg
#380,Latias,https://img.pokemondb.net/sprites/home/normal/2x/latias.jpg
#381,Latios,https://img.pokemondb.net/sprites/home/normal/2x/latios.jpg
#382,Kyogre,https://img.pokemondb.net/sprites/home/normal/2x/kyogre.jpg
#383,Groudon,https://img.pokemondb.net/sprites/home/normal/2x/groudon.jpg
#384,Rayquaza,https://img.pokemondb.net/sprites/home/normal/2x/rayquaza.jpg
#385,Jirachi,https://img.pokemondb.net/sprites/home/normal/2x/jirachi.jpg
#386,Deoxys,https://img.pokemondb.net/sprites/home/normal/2x/deoxys.jpg
#387,Turtwig,https://img.pokemondb.net/sprites/home/normal/2x/turtwig.jpg
#388,Grotle,https://img.pokemondb.net/sprites/home/normal/2x/grotle.jpg
#389,Torterra,https://img.pokemondb.net/sprites/home/normal/2x/torterra.jpg
#390,Chimchar,https://img.pokemondb.net/sprites/home/normal/2x/chimchar.jpg
#391,Monferno,https://img.pokemondb.net/sprites/home/normal/2x/monferno.jpg
#392,Infernape,https://img.pokemondb.net/sprites/home/normal/2x/infernape.jpg
#393,Piplup,https://img.pokemondb.net/sprites/home/normal/2x/piplup.jpg
#394,Prinplup,https://img.pokemondb.net/sprites/home/normal/2x/prinplup.jpg
#395,Empoleon,https://img.pokemondb.net/sprites/home/normal/2x/empoleon.jpg
#396,Starly,https://img.pokemondb.net/sprites/home/normal/2x/starly.jpg
#397,Staravia,https://img.pokemondb.net/sprites/home/normal/2x/staravia.jpg
#398,Staraptor,https://img.pokemondb.net/sprites/home/normal/2x/staraptor.jpg
#399,Bidoof,https://img.pokemondb.net/sprites/home/normal/2x/bidoof.jpg
#400,Bibarel,https://img.pokemondb.net/sprites/home/normal/2x/bibarel.jpg
#401,Kricketot,https://img.pokemondb.net/sprites/home/normal/2x/kricketot.jpg
#402,Kricketune,https://img.pokemondb.net/sprites/home/normal/2x/kricketune.jpg
#403,Shinx,https://img.pokemondb.net/sprites/home/normal/2x/shinx.jpg
#404,Luxio,https://img.pokemondb.net/sprites/home/normal/2x/luxio.jpg
#405,Luxray,https://img.pokemondb.net/sprites/home/normal/2x/luxray.jpg
#406,Budew,https://img.pokemondb.net/sprites/home/normal/2x/budew.jpg
#407,Roserade,https://img.pokemondb.net/sprites/home/normal/2x/roserade.jpg
#408,Cranidos,https://img.pokemondb.net/sprites/home/normal/2x/cranidos.jpg
#409,Rampardos,https://img.pokemondb.net/sprites/home/normal/2x/rampardos.jpg
#410,Shieldon,https://img.pokemondb.net/sprites/home/normal/2x/shieldon.jpg
#411,Bastiodon,https://img.pokemondb.net/sprites/home/normal/2x/bastiodon.jpg
#412,Burmy,https://img.pokemondb.net/sprites/home/normal/2x/burmy.jpg
#413,Wormadam,https://img.pokemondb.net/sprites/home/normal/2x/wormadam.jpg
#414,Mothim,https://img.pokemondb.net/sprites/home/normal/2x/mothim.jpg
#415,Combee,https://img.pokemondb.net/sprites/home/normal/2x/combee.jpg
#416,Vespiquen,https://img.pokemondb.net/sprites/home/normal/2x/vespiquen.jpg
#417,Pachirisu,https://img.pokemondb.net/sprites/home/normal/2x/pachirisu.jpg
#418,Buizel,https://img.pokemondb.net/sprites/home/normal/2x/buizel.jpg
#419,Floatzel,https://img.pokemondb.net/sprites/home/normal/2x/floatzel.jpg
#420,Cherubi,https://img.pokemondb.net/sprites/home/normal/2x/cherubi.jpg
#421,Cherrim,https://img.pokemondb.net/sprites/home/normal/2x/cherrim.jpg
#422,Shellos,https://img.pokemondb.net/sprites/home/normal/2x/shellos.jpg
#423,Gastrodon,https://img.pokemondb.net/sprites/home/normal/2x/gastrodon.jpg
#424,Ambipom,https://img.pokemondb.net/sprites/home/normal/2x/ambipom.jpg
#425,Drifloon,https://img.pokemondb.net/sprites/home/normal/2x/drifloon.jpg
#426,Drifblim,https://img.pokemondb.net/sprites/home/normal/2x/drifblim.jpg
#427,Buneary,https://img.pokemondb.net/sprites/home/normal/2x/buneary.jpg
#428,Lopunny,https://img.pokemondb.net/sprites/home/normal/2x/lopunny.jpg
#429,Mismagius,https://img.pokemondb.net/sprites/home/normal/2x/mismagius.jpg
#430,Honchkrow,https://img.pokemondb.net/sprites/home/normal/2x/honchkrow.jpg
#431,Glameow,https://img.pokemondb.net/sprites/home/normal/2x/glameow.jpg
#432,Purugly,https://img.pokemondb.net/sprites/home/normal/2x/purugly.jpg
#433,Chingling,https://img.pokemondb.net/sprites/home/normal/2x/chingling.jpg
#434,Stunky,https://img.pokemondb.net/sprites/home/normal/2x/stunky.jpg
#435,Skuntank,https://img.pokemondb.net/sprites/home/normal/2x/skuntank.jpg
#436,Bronzor,https://img.pokemondb.net/sprites/home/normal/2x/bronzor.jpg
#437,Bronzong,https://img.pokemondb.net/sprites/home/normal/2x/bronzong.jpg
#438,Bonsly,https://img.pokemondb.net/sprites/home/normal/2x/bonsly.jpg
#439,Mime Jr.,https://img.pokemondb.net/sprites/home/normal/2x/mime-jr.jpg
#440,Happiny,https://img.pokemondb.net/sprites/home/normal/2x/happiny.jpg
#441,Chatot,https://img.pokemondb.net/sprites/home/normal/2x/chatot.jpg
#442,Spiritomb,https://img.pokemondb.net/sprites/home/normal/2x/spiritomb.jpg
#443,Gible,https://img.pokemondb.net/sprites/home/normal/2x/gible.jpg
#444,Gabite,https://img.pokemondb.net/sprites/home/normal/2x/gabite.jpg
#445,Garchomp,https://img.pokemondb.net/sprites/home/normal/2x/garchomp.jpg
#446,Munchlax,https://img.pokemondb.net/sprites/home/normal/2x/munchlax.jpg
#447,Riolu,https://img.pokemondb.net/sprites/home/normal/2x/riolu.jpg
#448,Lucario,https://img.pokemondb.net/sprites/home/normal/2x/lucario.jpg
#449,Hippopotas,https://img.pokemondb.net/sprites/home/normal/2x/hippopotas.jpg
#450,Hippowdon,https://img.pokemondb.net/sprites/home/normal/2x/hippowdon.jpg
#451,Skorupi,https://img.pokemondb.net/sprites/home/normal/2x/skorupi.jpg
#452,Drapion,https://img.pokemondb.net/sprites/home/normal/2x/drapion.jpg
#453,Croagunk,https://img.pokemondb.net/sprites/home/normal/2x/croagunk.jpg
#454,Toxicroak,https://img.pokemondb.net/sprites/home/normal/2x/toxicroak.jpg
#455,Carnivine,https://img.pokemondb.net/sprites/home/normal/2x/carnivine.jpg
#456,Finneon,https://img.pokemondb.net/sprites/home/normal/2x/finneon.jpg
#457,Lumineon,https://img.pokemondb.net/sprites/home/normal/2x/lumineon.jpg
#458,Mantyke,https://img.pokemondb.net/sprites/home/normal/2x/mantyke.jpg
#459,Snover,https://img.pokemondb.net/sprites/home/normal/2x/snover.jpg
#460,Abomasnow,https://img.pokemondb.net/sprites/home/normal/2x/abomasnow.jpg
#461,Weavile,https://img.pokemondb.net/sprites/home/normal/2x/weavile.jpg
#462,Magnezone,https://img.pokemondb.net/sprites/home/normal/2x/magnezone.jpg
#463,Lickilicky,https://img.pokemondb.net/sprites/home/normal/2x/lickilicky.jpg
#464,Rhyperior,https://img.pokemondb.net/sprites/home/normal/2x/rhyperior.jpg
#465,Tangrowth,https://img.pokemondb.net/sprites/home/normal/2x/tangrowth.jpg
#466,Electivire,https://img.pokemondb.net/sprites/home/normal/2x/electivire.jpg
#467,Magmortar,https://img.pokemondb.net/sprites/home/normal/2x/magmortar.jpg
#468,Togekiss,https://img.pokemondb.net/sprites/home/normal/2x/togekiss.jpg
#469,Yanmega,https://img.pokemondb.net/sprites/home/normal/2x/yanmega.jpg
#470,Leafeon,https://img.pokemondb.net/sprites/home/normal/2x/leafeon.jpg
#471,Glaceon,https://img.pokemondb.net/sprites/home/normal/2x/glaceon.jpg
#472,Gliscor,https://img.pokemondb.net/sprites/home/normal/2x/gliscor.jpg
#473,Mamoswine,https://img.pokemondb.net/sprites/home/normal/2x/mamoswine.jpg
#474,Porygon-Z,https://img.pokemondb.net/sprites/home/normal/2x/porygon-z.jpg
#475,Gallade,https://img.pokemondb.net/sprites/home/normal/2x/gallade.jpg
#476,Probopass,https://img.pokemondb.net/sprites/home/normal/2x/probopass.jpg
#477,Dusknoir,https://img.pokemondb.net/sprites/home/normal/2x/dusknoir.jpg
#478,Froslass,https://img.pokemondb.net/sprites/home/normal/2x/froslass.jpg
#479,Rotom,https://img.pokemondb.net/sprites/home/normal/2x/rotom.jpg
#480,Uxie,https://img.pokemondb.net/sprites/home/normal/2x/uxie.jpg
#481,Mesprit,https://img.pokemondb.net/sprites/home/normal/2x/mesprit.jpg
#482,Azelf,https://img.pokemondb.net/sprites/home/normal/2x/azelf.jpg
#483,Dialga,https://img.pokemondb.net/sprites/home/normal/2x/dialga.jpg
#484,Palkia,https://img.pokemondb.net/sprites/home/normal/2x/palkia.jpg
#485,Heatran,https://img.pokemondb.net/sprites/home/normal/2x/heatran.jpg
#486,Regigigas,https://img.pokemondb.net/sprites/home/normal/2x/regigigas.jpg
#487,Giratina,https://img.pokemondb.net/sprites/home/normal/2x/giratina.jpg
#488,Cresselia,https://img.pokemondb.net/sprites/home/normal/2x/cresselia.jpg
#489,Phione,https://img.pokemondb.net/sprites/home/normal/2x/phione.jpg
#490,Manaphy,https://img.pokemondb.net/sprites/home/normal/2x/manaphy.jpg
#491,Darkrai,https://img.pokemondb.net/sprites/home/normal/2x/darkrai.jpg
#492,Shaymin,https://img.pokemondb.net/sprites/home/normal/2x/shaymin.jpg
#493,Arceus,https://img.pokemondb.net/sprites/home/normal/2x/arceus.jpg
#494,Victini,https://img.pokemondb.net/sprites/home/normal/2x/victini.jpg
#495,Snivy,https://img.pokemondb.net/sprites/home/normal/2x/snivy.jpg
#496,Servine,https://img.pokemondb.net/sprites/home/normal/2x/servine.jpg
#497,Serperior,https://img.pokemondb.net/sprites/home/normal/2x/serperior.jpg
#498,Tepig,https://img.pokemondb.net/sprites/home/normal/2x/tepig.jpg
#499,Pignite,https://img.pokemondb.net/sprites/home/normal/2x/pignite.jpg
#500,Emboar,https://img.pokemondb.net/sprites/home/normal/2x/emboar.jpg
#501,Oshawott,https://img.pokemondb.net/sprites/home/normal/2x/oshawott.jpg
#502,Dewott,https://img.pokemondb.net/sprites/home/normal/2x/dewott.jpg
#503,Samurott,https://img.pokemondb.net/sprites/home/normal/2x/samurott.jpg
#504,Patrat,https://img.pokemondb.net/sprites/home/normal/2x/patrat.jpg
#505,Watchog,https://img.pokemondb.net/sprites/home/normal/2x/watchog.jpg
#506,Lillipup,https://img.pokemondb.net/sprites/home/normal/2x/lillipup.jpg
#507,Herdier,https://img.pokemondb.net/sprites/home/normal/2x/herdier.jpg
#508,Stoutland,https://img.pokemondb.net/sprites/home/normal/2x/stoutland.jpg
#509,Purrloin,https://img.pokemondb.net/sprites/home/normal/2x/purrloin.jpg
#510,Liepard,https://img.pokemondb.net/sprites/home/normal/2x/liepard.jpg
#511,Pansage,https://img.pokemondb.net/sprites/home/normal/2x/pansage.jpg
#512,Simisage,https://img.pokemondb.net/sprites/home/normal/2x/simisage.jpg
#513,Pansear,https://img.pokemondb.net/sprites/home/normal/2x/pansear.jpg
#514,Simisear,https://img.pokemondb.net/sprites/home/normal/2x/simisear.jpg
#515,Panpour,https://img.pokemondb.net/sprites/home/normal/2x/panpour.jpg
#516,Simipour,https://img.pokemondb.net/sprites/home/normal/2x/simipour.jpg
#517,Munna,https://img.pokemondb.net/sprites/home/normal/2x/munna.jpg
#518,Musharna,https://img.pokemondb.net/sprites/home/normal/2x/musharna.jpg
#519,Pidove,https://img.pokemondb.net/sprites/home/normal/2x/pidove.jpg
#520,Tranquill,https://img.pokemondb.net/sprites/home/normal/2x/tranquill.jpg
#521,Unfezant,https://img.pokemondb.net/sprites/home/normal/2x/unfezant.jpg
#522,Blitzle,https://img.pokemondb.net/sprites/home/normal/2x/blitzle.jpg
#523,Zebstrika,https://img.pokemondb.net/sprites/home/normal/2x/zebstrika.jpg
#524,Roggenrola,https://img.pokemondb.net/sprites/home/normal/2x/roggenrola.jpg
#525,Boldore,https://img.pokemondb.net/sprites/home/normal/2x/boldore.jpg
#526,Gigalith,https://img.pokemondb.net/sprites/home/normal/2x/gigalith.jpg
#527,Woobat,https://img.pokemondb.net/sprites/home/normal/2x/woobat.jpg
#528,Swoobat,https://img.pokemondb.net/sprites/home/normal/2x/swoobat.jpg
#529,Drilbur,https://img.pokemondb.net/sprites/home/normal/2x/drilbur.jpg
#530,Excadrill,https://img.pokemondb.net/sprites/home/normal/2x/excadrill.jpg
#531,Audino,https://img.pokemondb.net/sprites/home/normal/2x/audino.jpg
#532,Timburr,https://img.pokemondb.net/sprites/home/normal/2x/timburr.jpg
#533,Gurdurr,https://img.pokemondb.net/sprites/home/normal/2x/gurdurr.jpg
#534,Conkeldurr,https://img.pokemondb.net/sprites/home/normal/2x/conkeldurr.jpg
#535,Tympole,https://img.pokemondb.net/sprites/home/normal/2x/tympole.jpg
#536,Palpitoad,https://img.pokemondb.net/sprites/home/normal/2x/palpitoad.jpg
#537,Seismitoad,https://img.pokemondb.net/sprites/home/normal/2x/seismitoad.jpg
#538,Throh,https://img.pokemondb.net/sprites/home/normal/2x/throh.jpg
#539,Sawk,https://img.pokemondb.net/sprites/home/normal/2x/sawk.jpg
#540,Sewaddle,https://img.pokemondb.net/sprites/home/normal/2x/sewaddle.jpg
#541,Swadloon,https://img.pokemondb.net/sprites/home/normal/2x/swadloon.jpg
#542,Leavanny,https://img.pokemondb.net/sprites/home/normal/2x/leavanny.jpg
#543,Venipede,https://img.pokemondb.net/sprites/home/normal/2x/venipede.jpg
#544,Whirlipede,https://img.pokemondb.net/sprites/home/normal/2x/whirlipede.jpg
#545,Scolipede,https://img.pokemondb.net/sprites/home/normal/2x/scolipede.jpg
#546,Cottonee,https://img.pokemondb.net/sprites/home/normal/2x/cottonee.jpg
#547,Whimsicott,https://img.pokemondb.net/sprites/home/normal/2x/whimsicott.jpg
#548,Petilil,https://img.pokemondb.net/sprites/home/normal/2x/petilil.jpg
#549,Lilligant,https://img.pokemondb.net/sprites/home/normal/2x/lilligant.jpg
#550,Basculin,https://img.pokemondb.net/sprites/home/normal/2x/basculin.jpg
#551,Sandile,https://img.pokemondb.net/sprites/home/normal/2x/sandile.jpg
#552,Krokorok,https://img.pokemondb.net/sprites/home/normal/2x/krokorok.jpg
#553,Krookodile,https://img.pokemondb.net/sprites/home/normal/2x/krookodile.jpg
#554,Darumaka,https://img.pokemondb.net/sprites/home/normal/2x/darumaka.jpg
#555,Darmanitan,https://img.pokemondb.net/sprites/home/normal/2x/darmanitan.jpg
#556,Maractus,https://img.pokemondb.net/sprites/home/normal/2x/maractus.jpg
#557,Dwebble,https://img.pokemondb.net/sprites/home/normal/2x/dwebble.jpg
#558,Crustle,https://img.pokemondb.net/sprites/home/normal/2x/crustle.jpg
#559,Scraggy,https://img.pokemondb.net/sprites/home/normal/2x/scraggy.jpg
#560,Scrafty,https://img.pokemondb.net/sprites/home/normal/2x/scrafty.jpg
#561,Sigilyph,https://img.pokemondb.net/sprites/home/normal/2x/sigilyph.jpg
#562,Yamask,https://img.pokemondb.net/sprites/home/normal/2x/yamask.jpg
#563,Cofagrigus,https://img.pokemondb.net/sprites/home/normal/2x/cofagrigus.jpg
#564,Tirtouga,https://img.pokemondb.net/sprites/home/normal/2x/tirtouga.jpg
#565,Carracosta,https://img.pokemondb.net/sprites/home/normal/2x/carracosta.jpg
#566,Archen,https://img.pokemondb.net/sprites/home/normal/2x/archen.jpg
#567,Archeops,https://img.pokemondb.net/sprites/home/normal/2x/archeops.jpg
#568,Trubbish,https://img.pokemondb.net/sprites/home/normal/2x/trubbish.jpg
#569,Garbodor,https://img.pokemondb.net/sprites/home/normal/2x/garbodor.jpg
#570,Zorua,https://img.pokemondb.net/sprites/home/normal/2x/zorua.jpg
#571,Zoroark,https://img.pokemondb.net/sprites/home/normal/2x/zoroark.jpg
#572,Minccino,https://img.pokemondb.net/sprites/home/normal/2x/minccino.jpg
#573,Cinccino,https://img.pokemondb.net/sprites/home/normal/2x/cinccino.jpg
#574,Gothita,https://img.pokemondb.net/sprites/home/normal/2x/gothita.jpg
#575,Gothorita,https://img.pokemondb.net/sprites/home/normal/2x/gothorita.jpg
#576,Gothitelle,https://img.pokemondb.net/sprites/home/normal/2x/gothitelle.jpg
#577,Solosis,https://img.pokemondb.net/sprites/home/normal/2x/solosis.jpg
#578,Duosion,https://img.pokemondb.net/sprites/home/normal/2x/duosion.jpg
#579,Reuniclus,https://img.pokemondb.net/sprites/home/normal/2x/reuniclus.jpg
#580,Ducklett,https://img.pokemondb.net/sprites/home/normal/2x/ducklett.jpg
#581,Swanna,https://img.pokemondb.net/sprites/home/normal/2x/swanna.jpg
#582,Vanillite,https://img.pokemondb.net/sprites/home/normal/2x/vanillite.jpg
#583,Vanillish,https://img.pokemondb.net/sprites/home/normal/2x/vanillish.jpg
#584,Vanilluxe,https://img.pokemondb.net/sprites/home/normal/2x/vanilluxe.jpg
#585,Deerling,https://img.pokemondb.net/sprites/home/normal/2x/deerling.jpg
#586,Sawsbuck,https://img.pokemondb.net/sprites/home/normal/2x/sawsbuck.jpg
#587,Emolga,https://img.pokemondb.net/sprites/home/normal/2x/emolga.jpg
#588,Karrablast,https://img.pokemondb.net/sprites/home/normal/2x/karrablast.jpg
#589,Escavalier,https://img.pokemondb.net/sprites/home/normal/2x/escavalier.jpg
#590,Foongus,https://img.pokemondb.net/sprites/home/normal/2x/foongus.jpg
#591,Amoonguss,https://img.pokemondb.net/sprites/home/normal/2x/amoonguss.jpg
#592,Frillish,https://img.pokemondb.net/sprites/home/normal/2x/frillish.jpg
#593,Jellicent,https://img.pokemondb.net/sprites/home/normal/2x/jellicent.jpg
#594,Alomomola,https://img.pokemondb.net/sprites/home/normal/2x/alomomola.jpg
#595,Joltik,https://img.pokemondb.net/sprites/home/normal/2x/joltik.jpg
#596,Galvantula,https://img.pokemondb.net/sprites/home/normal/2x/galvantula.jpg
#597,Ferroseed,https://img.pokemondb.net/sprites/home/normal/2x/ferroseed.jpg
#598,Ferrothorn,https://img.pokemondb.net/sprites/home/normal/2x/ferrothorn.jpg
#599,Klink,https://img.pokemondb.net/sprites/home/normal/2x/klink.jpg
#600,Klang,https://img.pokemondb.net/sprites/home/normal/2x/klang.jpg
#601,Klinklang,https://img.pokemondb.net/sprites/home/normal/2x/klinklang.jpg
#602,Tynamo,https://img.pokemondb.net/sprites/home/normal/2x/tynamo.jpg
#603,Eelektrik,https://img.pokemondb.net/sprites/home/normal/2x/eelektrik.jpg
#604,Eelektross,https://img.pokemondb.net/sprites/home/normal/2x/eelektross.jpg
#605,Elgyem,https://img.pokemondb.net/sprites/home/normal/2x/elgyem.jpg
#606,Beheeyem,https://img.pokemondb.net/sprites/home/normal/2x/beheeyem.jpg
#607,Litwick,https://img.pokemondb.net/sprites/home/normal/2x/litwick.jpg
#608,Lampent,https://img.pokemondb.net/sprites/home/normal/2x/lampent.jpg
#609,Chandelure,https://img.pokemondb.net/sprites/home/normal/2x/chandelure.jpg
#610,Axew,https://img.pokemondb.net/sprites/home/normal/2x/axew.jpg
#611,Fraxure,https://img.pokemondb.net/sprites/home/normal/2x/fraxure.jpg
#612,Haxorus,https://img.pokemondb.net/sprites/home/normal/2x/haxorus.jpg
#613,Cubchoo,https://img.pokemondb.net/sprites/home/normal/2x/cubchoo.jpg
#614,Beartic,https://img.pokemondb.net/sprites/home/normal/2x/beartic.jpg
#615,Cryogonal,https://img.pokemondb.net/sprites/home/normal/2x/cryogonal.jpg
#616,Shelmet,https://img.pokemondb.net/sprites/home/normal/2x/shelmet.jpg
#617,Accelgor,https://img.pokemondb.net/sprites/home/normal/2x/accelgor.jpg
#618,Stunfisk,https://img.pokemondb.net/sprites/home/normal/2x/stunfisk.jpg
#619,Mienfoo,https://img.pokemondb.net/sprites/home/normal/2x/mienfoo.jpg
#620,Mienshao,https://img.pokemondb.net/sprites/home/normal/2x/mienshao.jpg
#621,Druddigon,https://img.pokemondb.net/sprites/home/normal/2x/druddigon.jpg
#622,Golett,https://img.pokemondb.net/sprites/home/normal/2x/golett.jpg
#623,Golurk,https://img.pokemondb.net/sprites/home/normal/2x/golurk.jpg
#624,Pawniard,https://img.pokemondb.net/sprites/home/normal/2x/pawniard.jpg
#625,Bisharp,https://img.pokemondb.net/sprites/home/normal/2x/bisharp.jpg
#626,Bouffalant,https://img.pokemondb.net/sprites/home/normal/2x/bouffalant.jpg
#627,Rufflet,https://img.pokemondb.net/sprites/home/normal/2x/rufflet.jpg
#628,Braviary,https://img.pokemondb.net/sprites/home/normal/2x/braviary.jpg
#629,Vullaby,https://img.pokemondb.net/sprites/home/normal/2x/vullaby.jpg
#630,Mandibuzz,https://img.pokemondb.net/sprites/home/normal/2x/mandibuzz.jpg
#631,Heatmor,https://img.pokemondb.net/sprites/home/normal/2x/heatmor.jpg
#632,Durant,https://img.pokemondb.net/sprites/home/normal/2x/durant.jpg
#633,Deino,https://img.pokemondb.net/sprites/home/normal/2x/deino.jpg
#634,Zweilous,https://img.pokemondb.net/sprites/home/normal/2x/zweilous.jpg
#635,Hydreigon,https://img.pokemondb.net/sprites/home/normal/2x/hydreigon.jpg
#636,Larvesta,https://img.pokemondb.net/sprites/home/normal/2x/larvesta.jpg
#637,Volcarona,https://img.pokemondb.net/sprites/home/normal/2x/volcarona.jpg
#638,Cobalion,https://img.pokemondb.net/sprites/home/normal/2x/cobalion.jpg
#639,Terrakion,https://img.pokemondb.net/sprites/home/normal/2x/terrakion.jpg
#640,Virizion,https://img.pokemondb.net/sprites/home/normal/2x/virizion.jpg
#641,Tornadus,https://img.pokemondb.net/sprites/home/normal/2x/tornadus.jpg
#642,Thundurus,https://img.pokemondb.net/sprites/home/normal/2x/thundurus.jpg
#643,Reshiram,https://img.pokemondb.net/sprites/home/normal/2x/reshiram.jpg
#644,Zekrom,https://img.pokemondb.net/sprites/home/normal/2x/zekrom.jpg
#645,Landorus,https://img.pokemondb.net/sprites/home/normal/2x/landorus.jpg
#646,Kyurem,https://img.pokemondb.net/sprites/home/normal/2x/kyurem.jpg
#647,Keldeo,https://img.pokemondb.net/sprites/home/normal/2x/keldeo.jpg
#648,Meloetta,https://img.pokemondb.net/sprites/home/normal/2x/meloetta.jpg
#649,Genesect,https://img.pokemondb.net/sprites/home/normal/2x/genesect.jpg
#650,Chespin,https://img.pokemondb.net/sprites/home/normal/2x/chespin.jpg
#651,Quilladin,https://img.pokemondb.net/sprites/home/normal/2x/quilladin.jpg
#652,Chesnaught,https://img.pokemondb.net/sprites/home/normal/2x/chesnaught.jpg
#653,Fennekin,https://img.pokemondb.net/sprites/home/normal/2x/fennekin.jpg
#654,Braixen,https://img.pokemondb.net/sprites/home/normal/2x/braixen.jpg
#655,Delphox,https://img.pokemondb.net/sprites/home/normal/2x/delphox.jpg
#656,Froakie,https://img.pokemondb.net/sprites/home/normal/2x/froakie.jpg
#657,Frogadier,https://img.pokemondb.net/sprites/home/normal/2x/frogadier.jpg
#658,Greninja,https://img.pokemondb.net/sprites/home/normal/2x/greninja.jpg
#659,Bunnelby,https://img.pokemondb.net/sprites/home/normal/2x/bunnelby.jpg
#660,Diggersby,https://img.pokemondb.net/sprites/home/normal/2x/diggersby.jpg
#661,Fletchling,https://img.pokemondb.net/sprites/home/normal/2x/fletchling.jpg
#662,Fletchinder,https://img.pokemondb.net/sprites/home/normal/2x/fletchinder.jpg
#663,Talonflame,https://img.pokemondb.net/sprites/home/normal/2x/talonflame.jpg
#664,Scatterbug,https://img.pokemondb.net/sprites/home/normal/2x/scatterbug.jpg
#665,Spewpa,https://img.pokemondb.net/sprites/home/normal/2x/spewpa.jpg
#666,Vivillon,https://img.pokemondb.net/sprites/home/normal/2x/vivillon.jpg
#667,Litleo,https://img.pokemondb.net/sprites/home/normal/2x/litleo.jpg
#668,Pyroar,https://img.pokemondb.net/sprites/home/normal/2x/pyroar.jpg
#669,Flabébé,https://img.pokemondb.net/sprites/home/normal/2x/flabebe.jpg
#670,Floette,https://img.pokemondb.net/sprites/home/normal/2x/floette.jpg
#671,Florges,https://img.pokemondb.net/sprites/home/normal/2x/florges.jpg
#672,Skiddo,https://img.pokemondb.net/sprites/home/normal/2x/skiddo.jpg
#673,Gogoat,https://img.pokemondb.net/sprites/home/normal/2x/gogoat.jpg
#674,Pancham,https://img.pokemondb.net/sprites/home/normal/2x/pancham.jpg
#675,Pangoro,https://img.pokemondb.net/sprites/home/normal/2x/pangoro.jpg
#676,Furfrou,https://img.pokemondb.net/sprites/home/normal/2x/furfrou.jpg
#677,Espurr,https://img.pokemondb.net/sprites/home/normal/2x/espurr.jpg
#678,Meowstic,https://img.pokemondb.net/sprites/home/normal/2x/meowstic.jpg
#679,Honedge,https://img.pokemondb.net/sprites/home/normal/2x/honedge.jpg
#680,Doublade,https://img.pokemondb.net/sprites/home/normal/2x/doublade.jpg
#681,Aegislash,https://img.pokemondb.net/sprites/home/normal/2x/aegislash.jpg
#682,Spritzee,https://img.pokemondb.net/sprites/home/normal/2x/spritzee.jpg
#683,Aromatisse,https://img.pokemondb.net/sprites/home/normal/2x/aromatisse.jpg
#684,Swirlix,https://img.pokemondb.net/sprites/home/normal/2x/swirlix.jpg
#685,Slurpuff,https://img.pokemondb.net/sprites/home/normal/2x/slurpuff.jpg
#686,Inkay,https://img.pokemondb.net/sprites/home/normal/2x/inkay.jpg
#687,Malamar,https://img.pokemondb.net/sprites/home/normal/2x/malamar.jpg
#688,Binacle,https://img.pokemondb.net/sprites/home/normal/2x/binacle.jpg
#689,Barbaracle,https://img.pokemondb.net/sprites/home/normal/2x/barbaracle.jpg
#690,Skrelp,https://img.pokemondb.net/sprites/home/normal/2x/skrelp.jpg
#691,Dragalge,https://img.pokemondb.net/sprites/home/normal/2x/dragalge.jpg
#692,Clauncher,https://img.pokemondb.net/sprites/home/normal/2x/clauncher.jpg
#693,Clawitzer,https://img.pokemondb.net/sprites/home/normal/2x/clawitzer.jpg
#694,Helioptile,https://img.pokemondb.net/sprites/home/normal/2x/helioptile.jpg
#695,Heliolisk,https://img.pokemondb.net/sprites/home/normal/2x/heliolisk.jpg
#696,Tyrunt,https://img.pokemondb.net/sprites/home/normal/2x/tyrunt.jpg
#697,Tyrantrum,https://img.pokemondb.net/sprites/home/normal/2x/tyrantrum.jpg
#698,Amaura,https://img.pokemondb.net/sprites/home/normal/2x/amaura.jpg
#699,Aurorus,https://img.pokemondb.net/sprites/home/normal/2x/aurorus.jpg
#700,Sylveon,https://img.pokemondb.net/sprites/home/normal/2x/sylveon.jpg
#701,Hawlucha,https://img.pokemondb.net/sprites/home/normal/2x/hawlucha.jpg
#702,Dedenne,https://img.pokemondb.net/sprites/home/normal/2x/dedenne.jpg
#703,Carbink,https://img.pokemondb.net/sprites/home/normal/2x/carbink.jpg
#704,Goomy,https://img.pokemondb.net/sprites/home/normal/2x/goomy.jpg
#705,Sliggoo,https://img.pokemondb.net/sprites/home/normal/2x/sliggoo.jpg
#706,Goodra,https://img.pokemondb.net/sprites/home/normal/2x/goodra.jpg
#707,Klefki,https://img.pokemondb.net/sprites/home/normal/2x/klefki.jpg
#708,Phantump,https://img.pokemondb.net/sprites/home/normal/2x/phantump.jpg
#709,Trevenant,https://img.pokemondb.net/sprites/home/normal/2x/trevenant.jpg
#710,Pumpkaboo,https://img.pokemondb.net/sprites/home/normal/2x/pumpkaboo.jpg
#711,Gourgeist,https://img.pokemondb.net/sprites/home/normal/2x/gourgeist.jpg
#712,Bergmite,https://img.pokemondb.net/sprites/home/normal/2x/bergmite.jpg
#713,Avalugg,https://img.pokemondb.net/sprites/home/normal/2x/avalugg.jpg
#714,Noibat,https://img.pokemondb.net/sprites/home/normal/2x/noibat.jpg
#715,Noivern,https://img.pokemondb.net/sprites/home/normal/2x/noivern.jpg
#716,Xerneas,https://img.pokemondb.net/sprites/home/normal/2x/xerneas.jpg
#717,Yveltal,https://img.pokemondb.net/sprites/home/normal/2x/yveltal.jpg
#718,Zygarde,https://img.pokemondb.net/sprites/home/normal/2x/zygarde.jpg
#719,Diancie,https://img.pokemondb.net/sprites/home/normal/2x/diancie.jpg
#720,Hoopa,https://img.pokemondb.net/sprites/home/normal/2x/hoopa.jpg
#721,Volcanion,https://img.pokemondb.net/sprites/home/normal/2x/volcanion.jpg
#722,Rowlet,https://img.pokemondb.net/sprites/home/normal/2x/rowlet.jpg
#723,Dartrix,https://img.pokemondb.net/sprites/home/normal/2x/dartrix.jpg
#724,Decidueye,https://img.pokemondb.net/sprites/home/normal/2x/decidueye.jpg
#725,Litten,https://img.pokemondb.net/sprites/home/normal/2x/litten.jpg
#726,Torracat,https://img.pokemondb.net/sprites/home/normal/2x/torracat.jpg
#727,Incineroar,https://img.pokemondb.net/sprites/home/normal/2x/incineroar.jpg
#728,Popplio,https://img.pokemondb.net/sprites/home/normal/2x/popplio.jpg
#729,Brionne,https://img.pokemondb.net/sprites/home/normal/2x/brionne.jpg
#730,Primarina,https://img.pokemondb.net/sprites/home/normal/2x/primarina.jpg
#731,Pikipek,https://img.pokemondb.net/sprites/home/normal/2x/pikipek.jpg
#732,Trumbeak,https://img.pokemondb.net/sprites/home/normal/2x/trumbeak.jpg
#733,Toucannon,https://img.pokemondb.net/sprites/home/normal/2x/toucannon.jpg
#734,Yungoos,https://img.pokemondb.net/sprites/home/normal/2x/yungoos.jpg
#735,Gumshoos,https://img.pokemondb.net/sprites/home/normal/2x/gumshoos.jpg
#736,Grubbin,https://img.pokemondb.net/sprites/home/normal/2x/grubbin.jpg
#737,Charjabug,https://img.pokemondb.net/sprites/home/normal/2x/charjabug.jpg
#738,Vikavolt,https://img.pokemondb.net/sprites/home/normal/2x/vikavolt.jpg
#739,Crabrawler,https://img.pokemondb.net/sprites/home/normal/2x/crabrawler.jpg
#740,Crabominable,https://img.pokemondb.net/sprites/home/normal/2x/crabominable.jpg
#741,Oricorio,https://img.pokemondb.net/sprites/home/normal/2x/oricorio.jpg
#742,Cutiefly,https://img.pokemondb.net/sprites/home/normal/2x/cutiefly.jpg
#743,Ribombee,https://img.pokemondb.net/sprites/home/normal/2x/ribombee.jpg
#744,Rockruff,https://img.pokemondb.net/sprites/home/normal/2x/rockruff.jpg
#745,Lycanroc,https://img.pokemondb.net/sprites/home/normal/2x/lycanroc.jpg
#746,Wishiwashi,https://img.pokemondb.net/sprites/home/normal/2x/wishiwashi.jpg
#747,Mareanie,https://img.pokemondb.net/sprites/home/normal/2x/mareanie.jpg
#748,Toxapex,https://img.pokemondb.net/sprites/home/normal/2x/toxapex.jpg
#749,Mudbray,https://img.pokemondb.net/sprites/home/normal/2x/mudbray.jpg
#750,Mudsdale,https://img.pokemondb.net/sprites/home/normal/2x/mudsdale.jpg
#751,Dewpider,https://img.pokemondb.net/sprites/home/normal/2x/dewpider.jpg
#752,Araquanid,https://img.pokemondb.net/sprites/home/normal/2x/araquanid.jpg
#753,Fomantis,https://img.pokemondb.net/sprites/home/normal/2x/fomantis.jpg
#754,Lurantis,https://img.pokemondb.net/sprites/home/normal/2x/lurantis.jpg
#755,Morelull,https://img.pokemondb.net/sprites/home/normal/2x/morelull.jpg
#756,Shiinotic,https://img.pokemondb.net/sprites/home/normal/2x/shiinotic.jpg
#757,Salandit,https://img.pokemondb.net/sprites/home/normal/2x/salandit.jpg
#758,Salazzle,https://img.pokemondb.net/sprites/home/normal/2x/salazzle.jpg
#759,Stufful,https://img.pokemondb.net/sprites/home/normal/2x/stufful.jpg
#760,Bewear,https://img.pokemondb.net/sprites/home/normal/2x/bewear.jpg
#761,Bounsweet,https://img.pokemondb.net/sprites/home/normal/2x/bounsweet.jpg
#762,Steenee,https://img.pokemondb.net/sprites/home/normal/2x/steenee.jpg
#763,Tsareena,https://img.pokemondb.net/sprites/home/normal/2x/tsareena.jpg
#764,Comfey,https://img.pokemondb.net/sprites/home/normal/2x/comfey.jpg
#765,Oranguru,https://img.pokemondb.net/sprites/home/normal/2x/oranguru.jpg
#766,Passimian,https://img.pokemondb.net/sprites/home/normal/2x/passimian.jpg
#767,Wimpod,https://img.pokemondb.net/sprites/home/normal/2x/wimpod.jpg
#768,Golisopod,https://img.pokemondb.net/sprites/home/normal/2x/golisopod.jpg
#769,Sandygast,https://img.pokemondb.net/sprites/home/normal/2x/sandygast.jpg
#770,Palossand,https://img.pokemondb.net/sprites/home/normal/2x/palossand.jpg
#771,Pyukumuku,https://img.pokemondb.net/sprites/home/normal/2x/pyukumuku.jpg
#772,Type: Null,https://img.pokemondb.net/sprites/home/normal/2x/type-null.jpg
#773,Silvally,https://img.pokemondb.net/sprites/home/normal/2x/silvally.jpg
#774,Minior,https://img.pokemondb.net/sprites/home/normal/2x/minior.jpg
#775,Komala,https://img.pokemondb.net/sprites/home/normal/2x/komala.jpg
#776,Turtonator,https://img.pokemondb.net/sprites/home/normal/2x/turtonator.jpg
#777,Togedemaru,https://img.pokemondb.net/sprites/home/normal/2x/togedemaru.jpg
#778,Mimikyu,https://img.pokemondb.net/sprites/home/normal/2x/mimikyu.jpg
#779,Bruxish,https://img.pokemondb.net/sprites/home/normal/2x/bruxish.jpg
#780,Drampa,https://img.pokemondb.net/sprites/home/normal/2x/drampa.jpg
#781,Dhelmise,https://img.pokemondb.net/sprites/home/normal/2x/dhelmise.jpg
#782,Jangmo-o,https://img.pokemondb.net/sprites/home/normal/2x/jangmo-o.jpg
#783,Hakamo-o,https://img.pokemondb.net/sprites/home/normal/2x/hakamo-o.jpg
#784,Kommo-o,https://img.pokemondb.net/sprites/home/normal/2x/kommo-o.jpg
#785,Tapu Koko,https://img.pokemondb.net/sprites/home/normal/2x/tapu-koko.jpg
#786,Tapu Lele,https://img.pokemondb.net/sprites/home/normal/2x/tapu-lele.jpg
#787,Tapu Bulu,https://img.pokemondb.net/sprites/home/normal/2x/tapu-bulu.jpg
#788,Tapu Fini,https://img.pokemondb.net/sprites/home/normal/2x/tapu-fini.jpg
#789,Cosmog,https://img.pokemondb.net/sprites/home/normal/2x/cosmog.jpg
#790,Cosmoem,https://img.pokemondb.net/sprites/home/normal/2x/cosmoem.jpg
#791,Solgaleo,https://img.pokemondb.net/sprites/home/normal/2x/solgaleo.jpg
#792,Lunala,https://img.pokemondb.net/sprites/home/normal/2x/lunala.jpg
#793,Nihilego,https://img.pokemondb.net/sprites/home/normal/2x/nihilego.jpg
#794,Buzzwole,https://img.pokemondb.net/sprites/home/normal/2x/buzzwole.jpg
#795,Pheromosa,https://img.pokemondb.net/sprites/home/normal/2x/pheromosa.jpg
#796,Xurkitree,https://img.pokemondb.net/sprites/home/normal/2x/xurkitree.jpg
#797,Celesteela,https://img.pokemondb.net/sprites/home/normal/2x/celesteela.jpg
#798,Kartana,https://img.pokemondb.net/sprites/home/normal/2x/kartana.jpg
#799,Guzzlord,https://img.pokemondb.net/sprites/home/normal/2x/guzzlord.jpg
#800,Necrozma,https://img.pokemondb.net/sprites/home/normal/2x/necrozma.jpg
#801,Magearna,https://img.pokemondb.net/sprites/home/normal/2x/magearna.jpg
#802,Marshadow,https://img.pokemondb.net/sprites/home/normal/2x/marshadow.jpg
#803,Poipole,https://img.pokemondb.net/sprites/home/normal/2x/poipole.jpg
#804,Naganadel,https://img.pokemondb.net/sprites/home/normal/2x/naganadel.jpg
#805,Stakataka,https://img.pokemondb.net/sprites/home/normal/2x/stakataka.jpg
#806,Blacephalon,https://img.pokemondb.net/sprites/home/normal/2x/blacephalon.jpg
#807,Zeraora,https://img.pokemondb.net/sprites/home/normal/2x/zeraora.jpg
#808,Meltan,https://img.pokemondb.net/sprites/home/normal/2x/meltan.jpg
#809,Melmetal,https://img.pokemondb.net/sprites/home/normal/2x/melmetal.jpg
#810,Grookey,https://img.pokemondb.net/sprites/home/normal/2x/grookey.jpg
#811,Thwackey,https://img.pokemondb.net/sprites/home/normal/2x/thwackey.jpg
#812,Rillaboom,https://img.pokemondb.net/sprites/home/normal/2x/rillaboom.jpg
#813,Scorbunny,https://img.pokemondb.net/sprites/home/normal/2x/scorbunny.jpg
#814,Raboot,https://img.pokemondb.net/sprites/home/normal/2x/raboot.jpg
#815,Cinderace,https://img.pokemondb.net/sprites/home/normal/2x/cinderace.jpg
#816,Sobble,https://img.pokemondb.net/sprites/home/normal/2x/sobble.jpg
#817,Drizzile,https://img.pokemondb.net/sprites/home/normal/2x/drizzile.jpg
#818,Inteleon,https://img.pokemondb.net/sprites/home/normal/2x/inteleon.jpg
#819,Skwovet,https://img.pokemondb.net/sprites/home/normal/2x/skwovet.jpg
#820,Greedent,https://img.pokemondb.net/sprites/home/normal/2x/greedent.jpg
#821,Rookidee,https://img.pokemondb.net/sprites/home/normal/2x/rookidee.jpg
#822,Corvisquire,https://img.pokemondb.net/sprites/home/normal/2x/corvisquire.jpg
#823,Corviknight,https://img.pokemondb.net/sprites/home/normal/2x/corviknight.jpg
#824,Blipbug,https://img.pokemondb.net/sprites/home/normal/2x/blipbug.jpg
#825,Dottler,https://img.pokemondb.net/sprites/home/normal/2x/dottler.jpg
#826,Orbeetle,https://img.pokemondb.net/sprites/home/normal/2x/orbeetle.jpg
#827,Nickit,https://img.pokemondb.net/sprites/home/normal/2x/nickit.jpg
#828,Thievul,https://img.pokemondb.net/sprites/home/normal/2x/thievul.jpg
#829,Gossifleur,https://img.pokemondb.net/sprites/home/normal/2x/gossifleur.jpg
#830,Eldegoss,https://img.pokemondb.net/sprites/home/normal/2x/eldegoss.jpg
#831,Wooloo,https://img.pokemondb.net/sprites/home/normal/2x/wooloo.jpg
#832,Dubwool,https://img.pokemondb.net/sprites/home/normal/2x/dubwool.jpg
#833,Chewtle,https://img.pokemondb.net/sprites/home/normal/2x/chewtle.jpg
#834,Drednaw,https://img.pokemondb.net/sprites/home/normal/2x/drednaw.jpg
#835,Yamper,https://img.pokemondb.net/sprites/home/normal/2x/yamper.jpg
#836,Boltund,https://img.pokemondb.net/sprites/home/normal/2x/boltund.jpg
#837,Rolycoly,https://img.pokemondb.net/sprites/home/normal/2x/rolycoly.jpg
#838,Carkol,https://img.pokemondb.net/sprites/home/normal/2x/carkol.jpg
#839,Coalossal,https://img.pokemondb.net/sprites/home/normal/2x/coalossal.jpg
#840,Applin,https://img.pokemondb.net/sprites/home/normal/2x/applin.jpg
#841,Flapple,https://img.pokemondb.net/sprites/home/normal/2x/flapple.jpg
#842,Appletun,https://img.pokemondb.net/sprites/home/normal/2x/appletun.jpg
#843,Silicobra,https://img.pokemondb.net/sprites/home/normal/2x/silicobra.jpg
#844,Sandaconda,https://img.pokemondb.net/sprites/home/normal/2x/sandaconda.jpg
#845,Cramorant,https://img.pokemondb.net/sprites/home/normal/2x/cramorant.jpg
#846,Arrokuda,https://img.pokemondb.net/sprites/home/normal/2x/arrokuda.jpg
#847,Barraskewda,https://img.pokemondb.net/sprites/home/normal/2x/barraskewda.jpg
#848,Toxel,https://img.pokemondb.net/sprites/home/normal/2x/toxel.jpg
#849,Toxtricity,https://img.pokemondb.net/sprites/home/normal/2x/toxtricity.jpg
#850,Sizzlipede,https://img.pokemondb.net/sprites/home/normal/2x/sizzlipede.jpg
#851,Centiskorch,https://img.pokemondb.net/sprites/home/normal/2x/centiskorch.jpg
#852,Clobbopus,https://img.pokemondb.net/sprites/home/normal/2x/clobbopus.jpg
#853,Grapploct,https://img.pokemondb.net/sprites/home/normal/2x/grapploct.jpg
#854,Sinistea,https://img.pokemondb.net/sprites/home/normal/2x/sinistea.jpg
#855,Polteageist,https://img.pokemondb.net/sprites/home/normal/2x/polteageist.jpg
#856,Hatenna,https://img.pokemondb.net/sprites/home/normal/2x/hatenna.jpg
#857,Hattrem,https://img.pokemondb.net/sprites/home/normal/2x/hattrem.jpg
#858,Hatterene,https://img.pokemondb.net/sprites/home/normal/2x/hatterene.jpg
#859,Impidimp,https://img.pokemondb.net/sprites/home/normal/2x/impidimp.jpg
#860,Morgrem,https://img.pokemondb.net/sprites/home/normal/2x/morgrem.jpg
#861,Grimmsnarl,https://img.pokemondb.net/sprites/home/normal/2x/grimmsnarl.jpg
#862,Obstagoon,https://img.pokemondb.net/sprites/home/normal/2x/obstagoon.jpg
#863,Perrserker,https://img.pokemondb.net/sprites/home/normal/2x/perrserker.jpg
#864,Cursola,https://img.pokemondb.net/sprites/home/normal/2x/cursola.jpg
#865,Sirfetch'd,https://img.pokemondb.net/sprites/home/normal/2x/sirfetchd.jpg
#866,Mr. Rime,https://img.pokemondb.net/sprites/home/normal/2x/mr-rime.jpg
#867,Runerigus,https://img.pokemondb.net/sprites/home/normal/2x/runerigus.jpg
#868,Milcery,https://img.pokemondb.net/sprites/home/normal/2x/milcery.jpg
#869,Alcremie,https://img.pokemondb.net/sprites/home/normal/2x/alcremie.jpg
#870,Falinks,https://img.pokemondb.net/sprites/home/normal/2x/falinks.jpg
#871,Pincurchin,https://img.pokemondb.net/sprites/home/normal/2x/pincurchin.jpg
#872,Snom,https://img.pokemondb.net/sprites/home/normal/2x/snom.jpg
#873,Frosmoth,https://img.pokemondb.net/sprites/home/normal/2x/frosmoth.jpg
#874,Stonjourner,https://img.pokemondb.net/sprites/home/normal/2x/stonjourner.jpg
#875,Eiscue,https://img.pokemondb.net/sprites/home/normal/2x/eiscue.jpg
#876,Indeedee,https://img.pokemondb.net/sprites/home/normal/2x/indeedee.jpg
#877,Morpeko,https://img.pokemondb.net/sprites/home/normal/2x/morpeko.jpg
#878,Cufant,https://img.pokemondb.net/sprites/home/normal/2x/cufant.jpg
#879,Copperajah,https://img.pokemondb.net/sprites/home/normal/2x/copperajah.jpg
#880,Dracozolt,https://img.pokemondb.net/sprites/home/normal/2x/dracozolt.jpg
#881,Arctozolt,https://img.pokemondb.net/sprites/home/normal/2x/arctozolt.jpg
#882,Dracovish,https://img.pokemondb.net/sprites/home/normal/2x/dracovish.jpg
#883,Arctovish,https://img.pokemondb.net/sprites/home/normal/2x/arctovish.jpg
#884,Duraludon,https://img.pokemondb.net/sprites/home/normal/2x/duraludon.jpg
#885,Dreepy,https://img.pokemondb.net/sprites/home/normal/2x/dreepy.jpg
#886,Drakloak,https://img.pokemondb.net/sprites/home/normal/2x/drakloak.jpg
#887,Dragapult,https://img.pokemondb.net/sprites/home/normal/2x/dragapult.jpg
#888,Zacian,https://img.pokemondb.net/sprites/home/normal/2x/zacian.jpg
#889,Zamazenta,https://img.pokemondb.net/sprites/home/normal/2x/zamazenta.jpg
#890,Eternatus,https://img.pokemondb.net/sprites/home/normal/2x/eternatus.jpg
#891,Kubfu,https://img.pokemondb.net/sprites/home/normal/2x/kubfu.jpg
#892,Urshifu,https://img.pokemondb.net/sprites/home/normal/2x/urshifu.jpg
#893,Zarude,https://img.pokemondb.net/sprites/home/normal/2x/zarude.jpg
#894,Regieleki,https://img.pokemondb.net/sprites/home/normal/2x/regieleki.jpg
#895,Regidrago,https://img.pokemondb.net/sprites/home/normal/2x/regidrago.jpg
#896,Glastrier,https://img.pokemondb.net/sprites/home/normal/2x/glastrier.jpg
#897,Spectrier,https://img.pokemondb.net/sprites/home/normal/2x/spectrier.jpg
#898,Calyrex,https://img.pokemondb.net/sprites/home/normal/2x/calyrex.jpg
#899,Wyrdeer,https://img.pokemondb.net/sprites/home/normal/2x/wyrdeer.jpg
#900,Kleavor,https://img.pokemondb.net/sprites/home/normal/2x/kleavor.jpg
#901,Ursaluna,https://img.pokemondb.net/sprites/home/normal/2x/ursaluna.jpg
#902,Basculegion,https://img.pokemondb.net/sprites/home/normal/2x/basculegion.jpg
#903,Sneasler,https://img.pokemondb.net/sprites/home/normal/2x/sneasler.jpg
#904,Overqwil,https://img.pokemondb.net/sprites/home/normal/2x/overqwil.jpg
#905,Enamorus,https://img.pokemondb.net/sprites/home/normal/2x/enamorus.jpg
